{
    "clusters": {
        "0": [
            [
                -98.07274627685547,
                53.533851623535156
            ],
            [
                -98.07274627685547,
                53.533851623535156
            ],
            [
                -57.57957458496094,
                34.84578323364258
            ],
            [
                -58.65237808227539,
                28.622394561767578
            ],
            [
                154.82003784179688,
                567.8104248046875
            ],
            [
                162.17152404785156,
                567.8535766601562
            ],
            [
                -51.41911315917969,
                39.63408279418945
            ]
        ],
        "1": [
            [
                2558.98486328125,
                -937.1232299804688
            ],
            [
                -106.49493408203125,
                -114.41020965576172
            ],
            [
                -96.71987915039062,
                -76.3193588256836
            ]
        ],
        "2": [
            [
                679.7960205078125,
                385.07659912109375
            ]
        ]
    },
    "centers": {
        "0": [
            -6.686428070068359,
            192.26199504307337
        ],
        "1": [
            785.2566833496094,
            -375.950932820638
        ],
        "2": [
            679.7960205078125,
            385.07659912109375
        ]
    }
}