{
    "clusters": {
        "0": [
            [
                -297.4243469238281,
                -246.71908569335938
            ],
            [
                -297.4243469238281,
                -246.71908569335938
            ],
            [
                284.62139892578125,
                86.86903381347656
            ],
            [
                15.325186729431152,
                -352.1565856933594
            ],
            [
                -28.93475341796875,
                361.5528259277344
            ],
            [
                520.5428466796875,
                118.9593505859375
            ],
            [
                125.35221099853516,
                -89.26563262939453
            ],
            [
                118.71621704101562,
                -91.54840087890625
            ]
        ],
        "1": [
            [
                -305.21630859375,
                -250.7571258544922
            ],
            [
                119.95885467529297,
                -84.86654663085938
            ]
        ],
        "2": [
            [
                173.0918426513672,
                -79.07284545898438
            ]
        ]
    },
    "centers": {
        "0": [
            55.09680163860321,
            -57.37844753265381
        ],
        "1": [
            -92.62872695922852,
            -167.81183624267578
        ],
        "2": [
            173.0918426513672,
            -79.07284545898438
        ]
    }
}